source,target,event_name
alice@email.com,bob@email.com,May 2025 Conference
alice@email.com,carla@email.com,May 2025 Conference
alice@email.com,david@email.com,May 2025 Conference
alice@email.com,ella@email.com,May 2025 Conference
alice@email.com,frank@email.com,May 2025 Conference
alice@email.com,grace@email.com,May 2025 Conference
alice@email.com,henry@email.com,May 2025 Conference
alice@email.com,isabella@email.com,May 2025 Conference
alice@email.com,jack@email.com,May 2025 Conference
alice@email.com,karen@email.com,May 2025 Conference
alice@email.com,leo@email.com,May 2025 Conference
alice@email.com,maya@email.com,May 2025 Conference
alice@email.com,noah@email.com,May 2025 Conference
alice@email.com,olivia@email.com,May 2025 Conference
bob@email.com,carla@email.com,May 2025 Conference
bob@email.com,david@email.com,May 2025 Conference
bob@email.com,ella@email.com,May 2025 Conference
bob@email.com,frank@email.com,May 2025 Conference
bob@email.com,grace@email.com,May 2025 Conference
bob@email.com,henry@email.com,May 2025 Conference
bob@email.com,isabella@email.com,May 2025 Conference
bob@email.com,jack@email.com,May 2025 Conference
bob@email.com,karen@email.com,May 2025 Conference
bob@email.com,leo@email.com,May 2025 Conference
bob@email.com,maya@email.com,May 2025 Conference
bob@email.com,noah@email.com,May 2025 Conference
bob@email.com,olivia@email.com,May 2025 Conference
carla@email.com,david@email.com,May 2025 Conference
carla@email.com,ella@email.com,May 2025 Conference
carla@email.com,frank@email.com,May 2025 Conference
carla@email.com,grace@email.com,May 2025 Conference
carla@email.com,henry@email.com,May 2025 Conference
carla@email.com,isabella@email.com,May 2025 Conference
carla@email.com,jack@email.com,May 2025 Conference
carla@email.com,karen@email.com,May 2025 Conference
carla@email.com,leo@email.com,May 2025 Conference
carla@email.com,maya@email.com,May 2025 Conference
carla@email.com,noah@email.com,May 2025 Conference
carla@email.com,olivia@email.com,May 2025 Conference
david@email.com,ella@email.com,May 2025 Conference
david@email.com,frank@email.com,May 2025 Conference
david@email.com,grace@email.com,May 2025 Conference
david@email.com,henry@email.com,May 2025 Conference
david@email.com,isabella@email.com,May 2025 Conference
david@email.com,jack@email.com,May 2025 Conference
david@email.com,karen@email.com,May 2025 Conference
david@email.com,leo@email.com,May 2025 Conference
david@email.com,maya@email.com,May 2025 Conference
david@email.com,noah@email.com,May 2025 Conference
david@email.com,olivia@email.com,May 2025 Conference
ella@email.com,frank@email.com,May 2025 Conference
ella@email.com,grace@email.com,May 2025 Conference
ella@email.com,henry@email.com,May 2025 Conference
ella@email.com,isabella@email.com,May 2025 Conference
ella@email.com,jack@email.com,May 2025 Conference
ella@email.com,karen@email.com,May 2025 Conference
ella@email.com,leo@email.com,May 2025 Conference
ella@email.com,maya@email.com,May 2025 Conference
ella@email.com,noah@email.com,May 2025 Conference
ella@email.com,olivia@email.com,May 2025 Conference
frank@email.com,grace@email.com,May 2025 Conference
frank@email.com,henry@email.com,May 2025 Conference
frank@email.com,isabella@email.com,May 2025 Conference
frank@email.com,jack@email.com,May 2025 Conference
frank@email.com,karen@email.com,May 2025 Conference
frank@email.com,leo@email.com,May 2025 Conference
frank@email.com,maya@email.com,May 2025 Conference
frank@email.com,noah@email.com,May 2025 Conference
frank@email.com,olivia@email.com,May 2025 Conference
grace@email.com,henry@email.com,May 2025 Conference
grace@email.com,isabella@email.com,May 2025 Conference
grace@email.com,jack@email.com,May 2025 Conference
grace@email.com,karen@email.com,May 2025 Conference
grace@email.com,leo@email.com,May 2025 Conference
grace@email.com,maya@email.com,May 2025 Conference
grace@email.com,noah@email.com,May 2025 Conference
grace@email.com,olivia@email.com,May 2025 Conference
henry@email.com,isabella@email.com,May 2025 Conference
henry@email.com,jack@email.com,May 2025 Conference
henry@email.com,karen@email.com,May 2025 Conference
henry@email.com,leo@email.com,May 2025 Conference
henry@email.com,maya@email.com,May 2025 Conference
henry@email.com,noah@email.com,May 2025 Conference
henry@email.com,olivia@email.com,May 2025 Conference
isabella@email.com,jack@email.com,May 2025 Conference
isabella@email.com,karen@email.com,May 2025 Conference
isabella@email.com,leo@email.com,May 2025 Conference
isabella@email.com,maya@email.com,May 2025 Conference
isabella@email.com,noah@email.com,May 2025 Conference
isabella@email.com,olivia@email.com,May 2025 Conference
jack@email.com,karen@email.com,May 2025 Conference
jack@email.com,leo@email.com,May 2025 Conference
jack@email.com,maya@email.com,May 2025 Conference
jack@email.com,noah@email.com,May 2025 Conference
jack@email.com,olivia@email.com,May 2025 Conference
karen@email.com,leo@email.com,May 2025 Conference
karen@email.com,maya@email.com,May 2025 Conference
karen@email.com,noah@email.com,May 2025 Conference
karen@email.com,olivia@email.com,May 2025 Conference
leo@email.com,maya@email.com,May 2025 Conference
leo@email.com,noah@email.com,May 2025 Conference
leo@email.com,olivia@email.com,May 2025 Conference
maya@email.com,noah@email.com,May 2025 Conference
maya@email.com,olivia@email.com,May 2025 Conference
noah@email.com,olivia@email.com,May 2025 Conference
